Country,Gini coefficient 2005_2013,Internat_access_per100ppl_2015,Avg_CDVI,FEWS,HDI ,GDP,population,infant_mortality,urban,urban_growth,life_expectancy,female_policy,mobile,fuel_exports,fuel_imports,pm25,co2,energy,water,land,renewable,coal
Afghanistan,27.8,8,3.081873,0.32,0.47,1876.544682,34656032,91.1,27.132,4.282960067,63.29819512,27.7,66.00374446,NA,19.33986983,48.01676483,0.299444991,2.637532569,1439.342182,11.90301137,16.74899642,0
Albania,29,63,0.313638,0.7,0.72,11928.53656,2876101,14,58.376,1.514006568,78.20314634,22.9,105.0623124,1.567523363,8.150161313,17.93662454,1.978763312,3.338773912,9310.845162,22.46715328,38.6894966,0
Algeria,NA,38,2.833966,0.5,0.72,15074.92481,40606052,25.5,71.304,2.637964095,75.85529268,31.6,117.0201102,95.76423179,4.914099665,35.56453306,3.717409901,4.09963435,287.6258526,3.136109258,0.068775439,0
Angola,42.7,12,0,0.44,0.53,6499.067104,28813463,156.9,44.819,5.098251496,61.18934146,36.8,55.27564687,96.19440336,5.73506127,36.39542768,1.291328315,3.645251056,5497.676006,3.930376193,50.79746645,0
Antigua and Barbuda,NA,NA,3.52154,0.58,0.77,22413.4838,100963,8.1,23.393,-0.578390146,76.07563415,11.1,194.0826361,NA,29.77386425,13.88760103,5.377648546,4.011551141,525.9165613,9.090909091,0,0
Argentina,43.6,69,1.479629,0.87,0.81,19934.37249,43847430,12.5,91.893,1.139388252,76.29302439,35.8,150.6656849,4.751054465,16.92103947,13.44396548,4.746797455,4.470668323,6793.61814,14.323873,10.77312486,0
Armenia,30.3,58,0.519639,0.65,0.73,8817.953996,2924816,14.1,62.558,0.085624168,74.20619512,10.7,114.7796321,6.339750761,20.32830053,25.50768535,1.90275891,5.35254782,2360.110384,15.71829996,7.724733865,0
Australia,34,85,0.954946,0.9,0.93,46789.92724,24127159,3.8,89.554,1.556450202,82.45121951,28.7,109.6064682,28.01940925,16.10980078,5.897734951,15.39859985,5.164669683,20971.24663,6.112362183,9.497567815,1
Austria,30,84,-0.05267,0.9,0.88,50077.83261,8747358,3.5,66.032,1.410967561,81.84390244,30.6,166.1389108,2.386195601,10.22262762,17.01299421,6.87371322,3.593458774,6439.093493,16.37967597,35.78392667,0
Azerbaijan,33,77,0.642739,0.7,0.75,17253.25603,9762274,31.7,54.895,1.665784788,71.84519512,16.8,106.2845688,92.63841257,3.422487533,30.3540129,3.931560609,3.762405728,851.0679356,23.30546919,2.116818483,0
Bahamas,NA,NA,NA,0.74,0.79,23173.0333,391232,12.1,82.951,1.222425351,75.36878049,13.2,91.81818877,NA,22.91683891,13.71948341,6.323257512,4.027368648,1831.650396,0.799200799,1.09819653,0
Bangladesh,32.1,14,1.669397,0.41,0.56,3580.694128,162951560,37.6,35.035,3.267463256,72.22160976,20,77.88240574,NA,NA,89.3929096,0.459141965,3.129437284,658.698386,58.91526465,37.48503198,0
Barbados,NA,NA,NA,0.59,0.78,16815.57034,284996,13,31.415,0.082687112,75.63790244,16.7,114.9950327,9.42637536,25.56725755,15.38938638,4.490177673,3.877799352,282.3014627,25.58139535,3.1677618,0
Belarus,26.5,62,-0.194369,0.78,0.79,18060.41295,9507120,4.6,77.046,0.677415185,73.62439024,34.5,124.1695225,33.16786379,29.37437487,20.48379252,6.701957705,7.061398212,3588.575706,27.94342319,6.634181148,0
Belgium,33.1,85,0.122803,0.77,0.88,46383.23696,11348159,4.1,97.897,0.693736606,81.28780488,39.3,111.0129108,11.33667661,16.20640598,15.63662972,8.328159898,4.824562499,1070.562849,26.98150594,9.038057111,0
Belize,NA,42,1.724724,0.71,0.73,8448.043456,366954,16.5,43.845,1.819537719,70.31097561,3.1,63.87061558,16.65826719,15.00291616,27.04048536,1.407601494,4.529278834,43389.99244,3.419552828,36.54403749,0
Benin,43.5,7,3.22105,0.28,0.48,2168.210407,10872298,99.5,44.395,3.770961027,60.58468293,7.2,79.64830208,0.254303759,13.96679173,35.16237337,0.614213852,8.744760407,1001.291764,23.94466123,48.60073637,0
Bolivia,46.6,45,2.73747,0.53,0.67,7236.089471,10887882,38.4,68.911,2.090730993,68.74980488,53.1,90.74927347,57.82125731,11.91511348,27.97140377,1.932419499,5.221590933,28734.65548,4.128588572,16.81796221,0
Bosnia and Herzegovina,33,65,0.085202,0.72,0.73,12074.75236,3516816,5.4,39.94,-0.108867286,76.64029268,21.4,89.24919928,9.396595726,16.73101527,47.40090583,6.234719162,8.847452447,9955.126217,19.74609375,41.74546069,1
Botswana,60.5,28,2.570146,0.62,0.68,16734.85198,2250260,43.6,57.71,2.303663536,65.75109756,9.5,158.5343822,0.488134903,15.50219868,17.5393912,3.243287637,3.370599365,1106.718566,0.70403896,29.16849718,0
Brazil,52.7,59,1.628622,0.81,0.74,15127.8101,207652865,16.4,85.933,1.104235786,75.19912195,9.9,118.922999,9.246522347,19.6663899,11.36829449,2.594388285,4.063226263,27721.0379,9.573541482,41.81093085,1
Bulgaria,34.3,57,NA,0.73,0.78,19199.07115,7127822,10.4,74.266,-0.272281648,74.46585366,20.4,127.2292355,11.166175,19.29835741,28.12871472,5.871615869,6.33955779,2907.001694,32.11127487,16.96708383,1
Burkina Faso,39.8,11,2.478397,0.27,0.39,1720.121585,18646433,88.6,30.688,5.654151508,59.84465854,9.4,83.62763173,11.73303093,31.34049876,40.03947692,0.162018806,5.949926311,710.7936056,21.92982456,76.48121026,0
Burundi,33.3,5,2.754941,0.19,0.39,777.9565012,10524117,81.7,12.359,5.609274897,57.06934146,36.4,48.04065322,0.039931806,24.35478626,45.53410622,0.044485376,7.826447063,1017.005011,46.72897196,90.04661449,0
Cambodia,31.8,19,2.059624,0.34,0.58,3735.478623,15762370,28.7,20.945,2.63038193,68.47204878,20.3,124.9438457,3.55E-05,3.382490726,29.03890178,0.437759998,5.587274562,7897.430323,21.52730569,67.95334784,0
Cameroon,40.7,21,1.990407,0.43,0.5,3285.731599,23439189,87.9,54.938,3.632635989,57.5575122,31.1,68.11383605,54.38476894,28.02920698,66.42837013,0.314928068,4.929540387,12275.23284,13.11586385,77.38821693,0
Canada,33.7,88,-0.938241,0.91,0.9,44025.18343,36286425,4.9,82.006,1.431183937,82.12902439,26,84.06444554,28.06721155,10.59740084,7.178847511,15.1132392,7.702573688,80181.03697,5.060202276,22.57580705,1
Cape Verde,NA,NA,NA,0.37,0.64,6553.034369,539560,24.5,66.187,2.243282671,72.43517073,23.6,122.0229832,NA,15.41627862,39.55602953,0.933403237,2.69585812,569.8687592,13.64764268,26.19641579,0
Central African Republic,56.3,5,2.46398,0.31,0.34,698.8896075,4594621,130.1,40.332,1.795799949,51.37785366,7.2,25.48780926,NA,0.427814063,46.46839936,0.066593111,8.86589517,31226.52474,2.889338342,77.19169954,0
Chad,43.3,3,3.02086,0.24,0.37,1991.247916,14452543,138.7,22.618,3.766139312,52.55395122,14.9,44.47888063,NA,.,46.05858564,0.053777688,2.787178174,1105.425295,3.891359593,89.24006473,0
Chile,50.8,64,1.010196,0.8,0.82,23960.27015,17909754,8.1,89.697,1.01093723,79.16068293,15.8,127.1180653,0.851660741,21.25635135,20.94195715,4.687376624,3.881573707,50244.70021,1.733886369,26.41527897,0
China,37,50,-0.235531,0.63,0.72,15534.70194,1378665000,10.7,56.778,2.612874387,76.11709756,23.6,96.87787265,1.458754918,17.20111591,58.37659937,7.543907641,7.43281297,2061.908566,11.25880106,17.09945969,1
Colombia,53.5,56,2.667805,0.75,0.71,14157.63404,48653419,15.9,76.708,1.232008745,74.15619512,19.9,117.0901968,67.52860132,12.01430849,17.99813938,1.759537174,2.343102782,44882.0722,1.509869311,24.5170199,1
Comoros,NA,NA,NA,0.36,0.49,1522.255706,795601,73.5,28.412,2.720188525,63.46068293,3,57.65843875,NA,.,17.07934151,0.202814119,4.663190839,1580.226104,34.92745836,46.49399305,0
Congo,40.2,8,2.920676,0.39,0.56,5718.788841,5125821,45,65.798,3.209660046,64.09073171,7.4,113.3471493,61.8681573,2.965164935,53.0089847,0.635369293,4.078888254,45574.91212,1.610541728,62.3685091,0
Costa Rica,48.6,60,2.567219,0.78,0.76,16614.08851,4857274,9.7,77.675,2.128248284,79.60890244,33.3,159.2314897,0.043355735,12.80491942,20.11774831,1.630951062,3.033376805,23751.59614,4.545632589,37.86890976,0
Côte d’Ivoire,43.2,70,1.811375,0.45,0.45,3719.624562,23695919,92.6,54.869,3.774025107,53.0782439,9.2,126.0146009,21.4559799,25.8989356,23.53443788,0.490206046,8.43447152,3410.359344,9.119496855,70.83529197,0
Croatia,33.6,21,0.119937,0.81,0.81,23596.24491,4170600,4.3,59.284,-0.246974947,77.27560976,12.6,104.1129152,13.45813323,18.67706152,21.78040386,3.973804906,3.966372409,8894.889072,14.53180843,33.64663703,0
Cuba,NA,31,0.557319,0.79,0.82,NA,11475982,5.5,77.184,0.269486941,79.54370732,48.9,35.49171001,NA,.,17.98569778,3.045210624,2.132253183,3332.2357,29.68659873,18.74847139,0
Cyprus,NA,NA,NA,0.56,0.85,32580.35064,1170125,2.7,66.84,0.663096419,80.29104878,17.9,134.4775234,NA,24.6543897,18.28597332,5.260352041,3.289743745,676.9017685,8.636363636,9.389138187,0
Czech Republic,26.4,81,-0.182557,0.71,0.86,34711.28294,10561633,3.4,72.98,0.13113365,79.47317073,20,115.4745669,2.644426517,8.140783568,21.40898739,9.165978376,5.716444372,1249.364985,40.70716228,12.75266949,1
Denmark,26.9,96,-0.230519,0.74,0.9,49695.96751,5731118,3.5,87.847,1.029470445,81.1,37.4,122.8939236,6.541816349,8.47625855,11.02259277,5.935712482,2.786787119,1063.174728,57.54578581,30.21992724,0
Djibouti,40,12,2.07498,0.42,0.47,NA,942333,65.3,77.43,1.70820042,62.24982927,12.7,37.8178544,NA,.,51.50224365,0.791961752,4.126723088,328.8882262,0.086281277,34.15104422,0
Dominica,NA,68,NA,0.77,0.72,10975.06471,73543,21.2,69.82,0.923468763,.,21.9,107.4325157,NA,.,13.55936883,1.864285911,2.782690025,2748.083212,8,9.865335026,0
Dominican Republic,45.7,52,1.13281,0.67,0.7,15208.91378,10648791,30.9,79.841,2.221299129,73.70368293,26.8,80.83152181,6.778126307,22.840509,20.41796867,2.069986634,2.430179066,2258.346368,16.55971848,18.3784571,0
Ecuador,46.6,49,2.305652,0.75,0.71,11286.17413,16385068,21.6,63.976,1.846349617,76.0815122,41.6,84.30334065,53.46938158,15.37292699,12.84155358,2.761702175,3.441266843,27818.45465,4.097680786,12.21814004,0
Egypt,30.8,36,2.92963,0.56,0.68,11131.71648,95688681,24,43.222,2.218280629,71.29565854,14.9,113.6982662,23.87798311,13.96207137,104.6666533,2.198980246,3.480340708,19.60515949,2.682204028,6.412560754,0
El Salvador,41.8,27,1.637369,0.69,0.66,8619.068674,6344722,16.8,67.189,1.200979294,73.00309756,32.1,140.7478517,2.583534807,17.47396052,37.0047886,1.000644623,3.516449541,2488.382375,36.1969112,28.16552091,0
Eritrea,NA,1,2.769949,0.27,0.38,NA,NA,46.5,NA,NA,64.62439024,22,7.294370822,NA,.,43.49048059,NA,4.948192957,.,6.831683168,80.30479379,0
Estonia,32.7,88,NA,0.78,0.84,29364.72111,1316481,2.9,67.468,-0.022177155,77.13170732,23.8,148.67534,10.31692726,14.7953309,9.404689495,14.84881917,7.230473336,9668.744699,15.28898325,25.24914376,0
Ethiopia,33.6,12,3.091623,0.25,0.44,1734.918233,102403196,59.2,19.922,4.786533988,65.00829268,38.8,50.5130341,0.025140129,17.31479642,35.73814656,0.119124015,14.59891042,1252.994168,15.119,92.71904179,0
Fiji,42.8,46,NA,0.6,0.72,9560.525,898760,22.4,54.099,1.426355594,70.22426829,16,103.3027513,0.006267315,24.24014874,7.870697243,1.320574708,3.116301518,32230.53355,9.031198686,37.56839126,0
Finland,27.8,93,0.061517,0.88,0.88,43052.7268,5495096,2.3,84.358,0.446183523,81.38536585,41.5,134.4753788,11.00024123,19.25957627,7.379235597,8.660721243,6.743381318,19591.64422,7.34081411,41.19126143,0
France,31.7,85,0.325683,0.84,0.88,41466.26571,66896109,4.3,79.75,0.696308865,82.67073171,26.2,103.4526224,3.903878421,14.68699436,12.36533737,4.572088353,4.123187259,3015.137937,33.4816284,13.13263803,0
Gabon,42.2,24,2.559247,0.64,0.67,18107.59942,1979786,50.8,87.366,2.77849466,65.68441463,14.2,144.1660721,NA,.,39.86049558,2.768265721,6.792438512,87433.41865,1.261303217,81.046204,0
Gambia,47.3,17,2.109082,0.41,0.44,1689.07559,2038501,68.9,60.224,4.021492946,60.95743902,9.4,139.6287262,NA,21.27013088,60.94814767,0.267684889,4.620075222,1564.250005,43.47826087,48.05810054,0
Georgia,41.4,45,0.483917,0.73,0.74,9996.935415,3719300,11.9,53.826,0.403420103,72.96612195,.,129.0941061,3.85185887,16.70003322,20.4763228,2.411541991,5.636552521,15596.9949,6.576485825,31.89297959,0
Germany,30.6,88,-0.067654,0.78,0.91,48729.59042,82667685,3.7,75.51,1.471035055,81.0902439,36.5,114.5288178,2.302879841,12.13211118,14.0153719,8.889370395,3.63329953,1321.273115,34.02407567,13.37887765,1
Ghana,42.8,23,1.76903,0.38,0.57,4293.57285,28206728,61.6,54.682,3.41404533,62.4072439,10.9,139.1290239,NA,.,22.98826426,0.536533378,3.626099348,1123.780406,20.65570889,45.21818084,0
Greece,34.7,67,0.456676,0.85,0.85,26783.02457,10746740,4.6,78.329,-0.275605998,81.58780488,19.7,112.7599929,38.50173602,34.37318451,13.48711001,6.180337268,3.626772097,5324.807276,20.17067494,16.08579315,1
Guatemala,52.4,27,3.282799,0.59,0.63,7946.771619,16582469,29.1,52.03,2.896471776,73.04297561,13.9,115.3433139,6.561547123,19.56662771,34.84767569,1.150977994,4.862508596,6857.763393,8.714072415,59.90320153,0
Guinea,33.7,5,2.432788,0.33,0.39,1310.687204,12395924,93.7,37.651,3.796177552,59.39895122,21.9,85.33367045,0.655053131,31.61988446,22.63592379,0.207492621,10.17288937,19143.60491,12.61598567,80.01224676,0
Guinea-Bissau,35.5,4,2.100827,0.38,0.4,1581.710425,1815698,92.5,50.094,4.052170993,56.95039024,13.7,70.25963885,NA,.,32.98647968,0.157241167,12.37991099,9271.363539,10.6685633,87.06002651,0
Guyana,NA,38,0.481223,0.75,0.64,7818.900522,773303,39.4,28.661,0.998489262,66.53936585,30.4,66.42847723,0.000645708,32.64250267,17.3922441,2.632347952,6.611909566,315695.8474,2.133604267,24.01520304,0
Haiti,59.2,12,1.102037,0.3,0.47,1784.182184,10847334,69,59.794,3.204536379,63.01078049,0,60.53671899,NA,.,25.837657,0.270538586,9.949935889,1230.554915,38.82438316,78.39122587,0
Honduras,57.4,20,2.828912,0.62,0.62,4738.079453,9112867,20.4,55.315,2.74566058,73.32460976,25.8,91.2196774,0.045370367,23.3759023,37.59004958,1.07522179,6.013099375,10291.49473,9.116096166,54.04094344,0
Hungary,28.9,73,-0.020668,0.84,0.82,26680.5941,9817958,5.9,71.672,0.367792228,75.96097561,10.1,119.1135215,3.342310344,12.08222695,23.05838255,4.265574976,4.084741088,608.1203527,48.6468574,10.36063762,1
Iceland,26.3,98,-0.944677,0.9,0.9,51398.92651,334252,2,94.23,1.132542418,82.86097561,47.6,118.0121358,1.991046094,17.21651988,7.78903328,6.059657407,18.17922927,519264.7212,1.208977556,76.42294532,0
India,33.6,26,1.139122,0.5,0.59,6572.336719,1324171354,47.7,33.136,2.329109667,68.33260976,12,86.95018782,19.62662315,41.31986448,74.32984681,1.730000432,4.944336871,1117.586747,52.58997911,36.53617235,1
Indonesia,38.1,22,2.046851,0.59,0.68,11612.06637,261115456,27.2,54.466,2.475676863,69.03863415,17.1,149.1275754,29.17976191,24.71846279,15.40820407,1.819363319,3.699009035,7913.578052,12.97217331,38.06613938,1
Iran,38.3,44,1.437192,0.68,0.75,NA,80277428,15.5,73.879,1.833323286,75.74263415,5.9,100.0746506,NA,NA,42.98979197,8.283020787,7.694951176,1638.798756,9.017289226,0.937924133,0
Iraq,29.5,17,2.792338,0.65,0.64,17353.47924,37202572,32,69.592,3.139184022,69.63460976,26.5,82.18155372,99.91338372,22.95143577,51.99596281,4.811839686,4.142730006,1005.539609,11.59053233,0.912104698,0
Ireland,32.1,80,0.499069,0.89,0.9,68882.87834,4773095,3.6,63.535,2.501155795,81.50243902,22.2,103.6471191,0.92938718,12.1008635,9.799825902,7.378117809,2.393193433,10612.43496,15.35781681,8.471724021,0
Israel,42.8,79,3.496887,0.61,0.89,37901.34697,8547100,4,92.205,2.043747065,82.05121951,26.7,131.6662255,1.144695922,17.67447669,21.09447276,7.863181348,3.66928137,91.28863031,13.88632163,9.342675305,0
Italy,35.5,66,-0.028346,0.82,0.87,38160.67359,60600590,3.5,69.116,0.005885377,83.4902439,31,140.4254958,3.759572046,16.71545273,19.86123293,5.270866786,3.031987599,3002.180982,22.87346162,17.090359,0
Jamaica,45.5,43,1.276256,0.7,0.72,8834.819084,2881355,15.7,55.03,0.768264209,75.80668293,17.5,115.5722826,22.29233913,33.20063668,16.99207352,2.59321537,5.103335736,3780.458106,11.08033241,15.98840418,0
Japan,32.1,93,-0.185373,0.79,0.89,41469.85471,126994511,2.7,93.928,0.343564293,83.84365854,9.5,129.7529409,2.198186266,32.27386767,13.33416293,9.538706103,4.087955017,3378.484553,11.58382708,5.52698149,1
Jordan,33.7,53,3.730464,0.47,0.75,9050.071964,9455802,17.9,83.905,3.45557866,74.19102439,15.4,196.3111358,0.168398552,27.96657544,38.79814209,3.002514727,4.508731014,77.41813033,2.675152061,3.13049941,0
Kazakhstan,28.6,73,-1.528823,0.82,0.76,25263.81024,17797032,14.1,53.229,1.39743627,72,27.1,149.9946399,76.62713116,5.687438336,19.66999774,14.36238966,7.603113287,3721.971559,10.88824684,1.362599317,1
Kenya,47.7,46,3.470087,0.33,0.54,3155.94041,48461567,49.4,26.055,4.23675858,66.64565854,19.7,81.28155256,NA,NA,16.29880428,0.310415314,7.824043516,449.7628967,10.19081421,75.51816658,0
Kuwait,NA,82,1.949983,0.39,0.81,NA,4052584,8.6,98.358,2.940473391,74.74682927,1.5,146.5511282,95.2221086,0.678217855,67.43349003,25.22386443,5.40849365,0,0.533108866,0,0
Kyrgyzstan,NA,30,-0.162889,0.69,0.63,3551.152704,6082700,21.3,35.85,2.489543985,70.65121951,19.2,131.3766535,NA,NA,16.92166624,1.646395339,8.558790998,8384.885614,6.676746611,28.2504208,0
Lao People's DemNARep.,33.4,18,2.491316,0.4,0.57,6186.084162,6758353,66.7,39.654,4.06411622,66.28404878,27.5,55.39316947,NA,NA,32.56943026,0.297200884,2.302410416,28952.02343,6.60745234,90.34351488,0
Latvia,36.2,79,-0.052529,0.8,0.81,26031.00442,1960424,7.9,67.361,-0.899797934,74.12439024,18,131.1592991,7.586579394,14.05815807,20.41799195,3.498192882,4.135499853,8496.415355,19.44355098,40.23606125,0
Lebanon,36,74,2.364714,0.68,0.77,13995.65225,6006668,8.3,87.914,2.756448566,79.4982439,3.1,96.37083293,1.097492287,23.98309739,32.60158923,4.295732552,4.14976599,856.6412631,12.90322581,3.203544468,0
Lesotho,NA,16,1.453974,0.34,0.49,3029.335431,2203821,90.2,27.84,3.247536073,53.57009756,25,106.574927,NA,NA,24.70117006,1.150111032,11.01950053,2437.336453,8.969038208,51.81579507,0
Liberia,54.2,6,3.468522,0.33,0.41,812.8867372,4613823,69.9,50.1,3.305927722,61.98021951,11,83.09673035,NA,NA,7.851815034,0.212967664,24.01874978,45550.43948,5.1910299,89.81932607,0
Libya,38.2,19,2.916103,0.53,0.78,NA,6293253,13.4,78.754,1.184934295,71.83039024,16,119.7847459,NA,NA,79.20020559,9.186845393,8.032843789,112.8284678,0.977528218,1.753929182,0
Lithuania,NA,71,-0.33462,0.76,0.83,29966.12707,2872298,5.2,66.512,-1.123001709,75.1195122,21.3,140.7098117,17.68516519,24.44023164,19.06499459,4.378090123,3.876100523,5272.191373,37.5131684,28.07216559,0
Luxembourg,NA,NA,NA,0.91,0.88,105881.7605,582972,1.9,90.432,2.620957369,82.22926829,28.3,147.8367286,0.814519549,9.872267438,16.58784625,17.36212137,3.143994175,1797.529835,24.17374517,6.966288592,0
Macedonia,44.2,70,NA,0.7,0.73,15121.25165,2081206,5.5,57.204,0.266201315,75.52431707,33.3,100.6936412,1.755122201,14.44191243,40.4789043,3.614938183,4.304467818,2599.284234,16.41554322,18.30179467,1
Madagascar,NA,4,3.414022,0.28,0.5,1506.009345,24894551,49.6,35.741,4.484352478,65.50782927,20.5,41.78842306,3.864986353,21.92617446,19.67682043,0.130421321,5.184313328,14285.8348,6.015812994,73.56423356,0
Malawi,40.6,9,2.710005,0.25,0.41,1169.313739,18091575,64,16.454,4.017115507,62.54336585,16.7,40.32443197,0.044931583,13.49588156,25.72702911,0.07476291,5.461409106,945.5828217,40.30547306,80.57846674,0
Malaysia,46.2,71,1.338561,0.8,0.77,27680.76867,31187265,7,75.37,2.385554036,75.22019512,10.4,141.1722149,22.01118769,17.05991709,15.55640978,8.032991579,5.134946369,19187.49748,2.90366763,4.769773882,0
Maldives,NA,NA,NA,0.41,0.7,13198.88003,417492,8.6,46.54,4.196434615,77.12026829,5.9,222.9852803,0.046677738,28.70250922,29.05613639,3.328648379,3.993509568,74.81296758,13,0.907876857,0
Mali,37.4,10,2.593274,0.3,0.41,2117.218178,17994837,114.7,40.683,4.87528126,57.45770732,8.8,120.3134276,NA,NA,44.0063041,0.083228663,1.963952595,3537.142293,5.254099771,83.56128977,0
Malta,NA,NA,NA,0.55,0.83,37899.21063,436947,6.4,95.529,1.295576981,81.94634146,12.9,124.8213579,43.05728683,40.33608186,15.67337266,5.491524789,2.565373161,118.166247,28.03125,3.952173172,0
Mauritania,NA,15,2.12053,0.42,0.49,3853.534663,4301018,84.7,60.446,3.77392776,63.04636585,25.2,86.51966206,3.262655801,20.58707802,85.08515449,0.666822428,3.503129258,98.42713439,0.436596488,32.57984922,0
Mauritius,40.5,50,-0.208322,0.68,0.77,21087.74915,1263473,13.5,39.548,-0.241863223,74.35317073,11.6,144.2395617,0.000923462,19.25933645,14.95404587,3.353110472,2.623511794,2181.716093,36.94581281,10.64009215,0
Mexico,35.9,57,1.143014,0.74,0.76,17861.5687,127540423,13.2,79.517,1.64312093,76.88136585,42.4,88.2255718,10.60161306,8.373436081,20.23982419,3.866241113,3.850502581,3292.503075,11.82802541,9.798903322,1
Mongolia,NA,21,-1.655788,0.55,0.7,12220.39348,3027398,22.4,72.823,2.763912767,69.11587805,17.1,113.6270172,27.86524009,26.47622714,23.59317989,7.127326348,6.781725408,11901.92811,0.365096939,3.969469699,1
Morocco,30.6,57,2.772865,0.53,0.62,7837.904438,35276786,27.6,60.685,2.161954745,75.52014634,20.5,120.7233508,3.292297501,24.06378663,22.99104134,1.744379974,3.225049062,845.0355705,18.21644634,11.77795804,0
Mozambique,40.9,9,2.75593,0.3,0.39,1217.111397,28829476,78.5,32.508,3.789714313,57.60926829,39.6,66.25082328,30.03791295,19.47173531,19.53856529,0.309666607,16.58079926,3685.822138,7.184821588,88.85294877,0
Myanmar,45.7,22,1.149028,0.48,0.52,5772.895394,52885223,50,34.65,2.520636329,66.38563415,9.9,89.261539,NA,NA,54.38812189,0.416600362,3.242693499,19316.62592,16.52018129,68.52169606,0
Namibia,NA,22,2.248068,0.54,0.62,10584.96281,2479713,45.4,47.625,4.255007914,63.63643902,41.3,109.189536,1.481022686,6.374607644,21.44459626,1.583728667,3.315009316,2598.068656,0.971711062,27.61747334,0
Nepal,61.3,18,0.918211,0.38,0.54,2467.841139,28982771,35.8,18.995,3.153685951,69.86985366,29.6,111.6960279,0.00427692,20.39724817,74.99780697,0.283538526,7.669152136,6997.786729,14.74502965,84.37679559,0
Netherlands,32.8,93,0.298826,0.88,0.92,50898.08869,17018408,3.8,91.032,1.052785082,81.70731707,37.3,129.9519713,16.59400167,20.48150898,14.63752206,9.920138075,3.966115532,652.2380541,31.01810626,5.668454079,0
New Zealand,28.9,88,-0.097139,0.86,0.91,39058.6924,4692700,5.7,86.322,2.132715981,81.45682927,31.4,124.9764861,3.274231471,15.11444007,5.546610811,7.686575825,5.572048289,72510.36654,2.240704873,30.86475021,1
Nicaragua,NA,20,2.673283,0.61,0.61,5541.277284,6149928,22.1,59.107,1.66658573,75.038,41.3,122.1359784,0.335303664,17.58983927,27.3819724,0.808520856,5.416582683,25972.74325,12.49792255,51.84228127,0
Niger,45.7,2,2.188029,0.23,0.34,978.4021911,20672987,95.5,19.01,5.299270324,59.68187805,14.6,48.87478182,27.03187043,3.64630138,62.74462018,0.111073516,7.011105269,182.7846235,12.55230126,78.13167457,0
Nigeria,31.2,47,2.334981,0.4,0.5,5867.141985,185989640,108.8,48.597,4.322871078,52.97792683,5.6,81.82253473,90.85418686,16.30668831,37.95728931,0.545622113,5.635089918,1252.404915,37.33104955,87.27475791,0
Norway,43,97,-1.008087,0.9,0.94,59301.67024,5232929,2.6,80.734,1.174392954,82.1,39.6,110.0669767,64.90521705,5.3688324,9.07633792,9.270945132,3.651393661,74359.11012,2.208106887,57.0886188,0
Oman,26.8,74,3.414312,0.54,0.78,NA,4424762,11.6,78.088,5.79180675,77.12182927,1.2,159.2187308,83.53407271,5.778917516,53.28119972,15.44316719,6.524089385,353.452792,0.122778675,0,0
Pakistan,NA,18,1.888169,0.5,0.54,5249.288036,193203476,81.1,39.224,3.193724168,66.33217073,20.6,71.39413307,2.642198107,31.29578417,64.95375677,0.896264105,4.430746045,296.4220399,39.48733914,47.2055915,1
Panama,34.5,51,0.848493,0.75,0.77,23014.69004,4034119,17,66.895,2.075095247,77.81743902,18.3,172.301549,0.163619117,20.86401807,13.19621425,2.254311363,2.273620638,34989.87957,7.573311811,19.77078693,0
Paraguay,NA,44,1.951555,0.68,0.68,9576.561654,6725308,20.5,59.924,1.721324118,73.04297561,15,104.773063,22.74851466,15.43908868,14.853318,0.870219291,3.884101393,17855.55134,12.08155047,63.11691455,0
Peru,48,41,3.211026,0.65,0.74,13022.01745,31773839,16.9,78.924,1.657781535,74.71341463,27.7,117.0617122,14.47580894,14.23706658,27.8233501,1.993485949,2.806840377,52981.02362,3.2434375,25.63570064,0
Philippines,45.3,41,1.395152,0.62,0.66,7806.211272,103320222,28,44.289,1.375013106,69.00985366,29.8,109.1695706,2.959358921,20.20098659,23.48713422,1.055456846,3.028210623,4785.107276,18.74769427,28.7212886,1
Poland,43,68,-0.56254,0.69,0.83,27810.51663,37948016,5.2,60.531,-0.114343139,78.20487805,27.4,146.2073477,4.046633839,10.81722902,24.28187517,7.517151585,4.323205911,1410.090857,35.69025768,11.54735557,1
Portugal,32.8,69,0.24957,0.85,0.82,30624.17469,10324611,3.6,64.017,0.537670531,81.52195122,34.8,109.0946689,7.946930295,17.15983872,9.760644322,4.331554028,3.254304653,3653.473078,12.41209541,30.49879177,0
Republic of Korea,NA,NA,NA,0.75,0.89,35750.76998,51245707,3.4,82.592,0.594291337,82.15585366,17,122.6505247,9.007706172,33.14678276,28.66424214,11.57034541,6.625185736,1277.916641,15.1415675,2.838097595,1
Republic of Moldova,61.1,50,NA,0.62,0.66,5333.614925,3552000,15.8,45.089,0.149340866,71.37121951,21.8,110.9931725,0.253969896,13.1225099,20.5543623,1.386829142,8.160916062,455.517199,55.27836933,13.0473475,0
Romania,NA,56,-0.025712,0.77,0.79,23626.37274,19705301,11.1,54.749,-0.219105376,74.96097561,13.7,106.434876,5.758579617,9.363436789,19.57866345,3.516153691,3.482818598,2128.687764,38.15194715,24.34150754,1
Russian Federatoin,27.3,73,-0.563819,0.77,0.78,23162.63216,144342396,9.6,74.101,0.295827456,70.90853659,12.7,163.2649275,69.87429274,1.581643346,16.63374961,11.85752777,8.190571971,29981.99148,7.518031223,3.455932262,1
Rwanda,39.7,18,2.27484,0.25,0.51,1913.402063,11917508,41.7,29.775,5.737075847,66.62087805,63.8,69.9196415,0.198314947,4.049744575,49.71362154,0.074016446,5.337639351,837.3469429,46.59505472,88.44690473,0
Saint Kitts & Nevis,NA,NA,NA,0.55,0.75,26685.99418,54821,10.5,32.153,1.307656035,.,13.3,136.8702304,NA,NA,NA,4.2989449,2.68322602,446.6030257,19.23076923,1.493438587,0
Saint Lucia,NA,NA,NA,0.62,0.71,11545.77584,178015,14.3,18.54,0.650517539,75.2835122,16.7,94.81554638,0.22541367,24.65233449,14.00929929,2.307191321,3.186996993,1700.477834,4.918032787,2.145866049,0
Saint Vincent/Grenadines,NA,NA,NA,0.62,0.72,11605.61029,109643,18.3,50.899,0.858405264,73.06495122,13,102.98019,NA,NA,14.25163381,1.91134541,2.832899125,914.4362044,12.82051282,7.499808797,0
Saudi Arabia,33.9,70,3.230642,0.51,0.84,54430.86113,32275687,14.5,83.331,2.492920855,74.5744878,19.9,157.5984256,84.93700722,1.565340968,106.1617369,19.5292718,5.832764901,77.98101435,1.629072099,0.006008743,0
Senegal,NA,22,2.394951,0.39,0.49,2567.80042,15411614,47.2,44.065,3.644334493,66.66143902,42.7,98.67802569,19.18716371,29.69214278,37.57020675,0.608809117,5.098084325,1773.669952,16.62078637,43.29716965,0
Serbia,40.3,65,0.252872,0.74,0.75,14511.79145,7057412,6.7,55.668,-0.329792185,75.48780488,34,120.6199913,NA,NA,21.43664968,5.282521917,6.123958771,1179.007138,29.79304825,23.42929123,1
Sierra Leone,65.8,3,2.235714,0.29,0.37,1473.403805,7396190,120.4,40.318,3.11242846,51.41285366,12.4,97.6203972,0.012842457,38.2946352,19.29960911,0.184925702,5.725464982,22601.54521,21.94513716,73.05429458,0
Slovakia,NA,85,-0.239744,0.79,0.83,30631.95391,5428704,7.3,53.468,-0.152504441,77.21219512,20,127.9869675,4.611760015,10.46687466,20.52367065,5.661581328,4.655303805,2325.302857,28.99804517,12.14105169,0
Slovenia,26.6,73,-0.091423,0.84,0.87,32884.53889,2064845,2.6,49.627,0.017372091,81.07804878,36.7,114.5590253,6.187993323,13.01476373,20.3499567,6.213686845,4.812235446,9054.404019,9.145481629,22.67789442,1
South Africa,NA,90,1.399647,0.63,0.66,13225.43723,55908865,40.5,65.295,2.376645257,61.93409756,41.8,142.3848372,10.98986089,23.3818269,29.6286252,9.045270345,9.156227505,827.381378,10.30426432,16.58715452,1
Spain,35.8,79,0.141356,0.79,0.87,36309.8443,46443959,4.1,79.802,0.271783712,83.3804878,39.1,109.7403864,6.674910164,20.93536348,9.738283342,5.033824487,3.250094677,2392.381453,24.54569081,17.35173648,1
Sri Lanka,36.4,30,0.901585,0.52,0.75,12316.16411,21203000,9.8,18.407,1.401506939,74.98895122,5.8,118.4947757,2.654188572,22.85380158,27.92362221,0.885545809,2.028808029,2542.005681,20.73034604,57.58517433,0
Sudan,35.3,27,3.022028,0.39,0.47,NA,12230730,92.6,19.03,4.086257881,56.30258537,28.5,21.54685511,NA,NA,32.43740893,0.129749351,1.277912718,2254.797103,NA,29.82963232,0
Suriname,NA,43,0.290365,0.72,0.71,14146.34264,558368,21.3,66.015,0.886155218,71.28619512,25.5,145.9446016,10.63474803,21.06673045,18.47176015,3.634019433,3.381969099,180680.6734,0.416666667,25.38253454,0
Swaziland,51.5,30,1.21945,0.54,0.53,8342.709639,1343098,60.7,21.315,1.842346623,56.91236585,6.2,76.37120859,NA,NA,21.60860671,0.928714992,4.995411386,2038.457351,10.1744186,63.55079827,0
Sweden,26.1,91,-0.479521,0.88,0.9,49174.86379,9903122,3,85.964,1.228560689,82.55121951,43.6,126.6721371,7.98321638,13.57533998,6.241379908,4.478182178,4.728337889,17635.93854,6.353882792,49.53745892,0
Switzerland,32.4,88,-0.028307,0.9,0.92,62881.46051,8372098,3.9,73.99,1.182683765,83.19756098,32,135.6196304,1.537854554,6.564506653,12.89019363,4.311562994,2.317914934,4933.658776,10.12754327,23.45222945,0
Syrian Arab Republic,35.8,30,2.941067,0.66,0.66,NA,18430453,12.9,58.061,-0.938854297,70.25265854,13.2,54.23137169,NA,NA,41.56628282,1.598898459,6.286742518,371.3985614,25.3880085,2.992679827,0
Tajikistan,30.8,19,-0.141209,0.65,0.61,2980.090352,8734951,44.8,26.891,2.562049202,71.00712195,19,106.6821621,NA,NA,50.02908375,0.620466725,5.514201995,7588.417439,5.259896531,40.71364057,0
Thailand,39.4,39,0.774297,0.68,0.72,16916.48048,68863514,12.3,51.54,2.587770039,75.068,6.1,172.6452138,4.800766252,21.7983219,26.35272294,4.621860032,5.562631401,3281.359138,32.90336472,23.58596842,1
Togo,46,7,2.191908,0.31,0.47,1490.926523,7606374,78.4,40.463,3.764742028,59.92370732,17.6,74.91073994,1.393242609,18.49761931,32.67724465,0.362696892,14.52716578,1590.833479,48.72219158,72.82531867,0
Trinidad and Tobago,NA,69,0.705684,0.74,0.77,31907.77772,1364962,20.4,8.352,-0.749800334,70.58885366,31,160.6083527,NA,NA,14.19016577,34.16324263,19.83331212,2835.009114,4.873294347,0.280935357,0
Tunisia,35.8,49,1.755858,0.55,0.72,11598.54859,11403248,14,67.047,1.449145304,75.49704878,31.3,125.821724,13.1898466,18.33534004,44.79266297,2.587059584,3.724773169,376.4388579,18.66632338,12.92407437,0
Turkey,40,54,1.292389,0.75,0.76,24243.92399,79512426,13.5,73.887,2.238395514,75.40709756,14.9,96.87246592,3.761938199,8.598321639,36.40911573,4.491479026,3.54799051,2946.879779,26.90383691,11.57816894,1
Turkmenistan,NA,15,1.488318,0.74,0.7,16880.40662,5662544,51.4,50.396,2.447448946,67.64104878,25.8,157.6673108,NA,NA,31.29449247,12.51729534,14.29495576,257.0322092,4.128274424,0.041262014,0
Uganda,44.6,19,4.141845,0.28,0.48,1848.786757,41487965,54.6,16.444,5.398794171,59.5087561,33.5,55.07464508,2.114099522,23.69053129,60.30064052,0.134656001,7.029147697,1004.291725,34.41053262,89.21553025,0
Ukraine,24.8,49,-0.069572,0.73,0.73,8271.779979,45004645,9,69.915,-0.016216706,71.1895122,12,132.6407689,3.389940473,27.89436885,18.87843558,5.020747064,12.49024606,1217.08925,56.15667455,3.497718466,1
United Arab Emirates,NA,91,1.939429,0.45,0.83,72418.61086,9269612,6.8,85.804,1.558749835,77.4842439,22.5,204.0205231,42.49623997,3.349103119,64.29012818,23.30202251,5.029777052,16.53645677,0.448564593,0.16780695,0
United Kingdom,38,92,0.123243,0.82,0.89,42608.91939,65637239,4.2,82.835,1.07132712,81.60487805,29.6,122.3202721,11.76321026,12.1262975,12.41225066,6.49744049,3.052679658,2244.124881,25.76571736,7.294445315,1
United Republic of Tanzania,37.8,5,3.026929,0.26,0.49,2786.666719,55572201,48.7,32.316,5.307671355,64.90331707,36.6,74.36097518,2.190897704,28.06686955,23.3161196,0.221347372,8.535093517,1608.121196,15.2404606,86.67344532,0
United States of America,41.1,75,-0.17087,0.94,0.91,57466.78711,323127513,6.5,81.788,0.902097108,78.74146341,19.4,127.1579358,11.15637361,14.92077255,8.441199408,16.49366613,5.626817385,8845.961289,16.90145309,8.913332385,1
Uruguay,41.3,65,0.653739,0.78,0.79,21625.26889,3444006,10.1,95.46,0.518459084,77.13163415,16.2,148.7080881,1.133128971,16.37120643,11.48844431,1.973150822,2.910370457,26962.64358,13.77328305,55.43136677,0
Uzbekistan,35.2,43,0.657556,0.68,0.66,6514.326071,31848200,39.1,36.479,2.052790048,71.14568293,16,77.32782184,NA,NA,39.67064264,3.420722746,11.18207431,531.2490856,10.34320639,2.896783711,1
Venezuela,44.8,62,3.083512,0.77,0.76,NA,31568179,14.9,89.043,1.376597189,74.3915122,14.4,86.98981729,NA,NA,23.75584614,6.025697582,5.490554564,26188.75986,3.061050961,12.29750254,1
Viet Nam,35.6,53,1.428558,0.58,0.64,6424.133768,92701100,21.7,34.236,2.967295039,75.89119512,26.7,128.0379261,6.15828225,7.016392065,28.2516555,1.83966563,5.7247032,3961.251597,20.67113878,36.20010563,1
Yemen,35.9,25,4.526206,0.27,0.5,2508.128228,27584213,41.9,35.187,4.116459274,64.72568293,0,67.16990212,70.25825296,2.208521769,52.8289507,0.864834535,3.329745785,80.01119547,2.363770669,1.063803215,0
Zambia,57.5,21,3.263561,0.38,0.56,3922.335309,16591390,64,41.379,4.113383832,61.33958537,18,74.94774192,1.149178466,14.06824689,26.74664908,0.288271141,7.399488412,5134.122879,5.111717941,88.08671076,0
Zimbabwe,NA,16,2.808334,0.46,0.49,2006.374724,16150362,70.7,32.277,2.029803357,60.27934146,31.5,83.1798941,0.555653458,24.55168757,22.86952366,0.779955845,17.7578126,795.5008135,10.33992504,81.13041384,1
,,,,,,,,,,,,,,,,,,,,,,
,,,,,,,,,,,,,,,,,,,,,,
,,,,,,,,,,,,,,,,,,,,,,
,,,,,,,,,,,,,,,,,,,,,,
,,,,,,,,,,,,,,,,,,,,,,
,, ,,,,,,,,,,,,,,,,,,,,